y,x,x2,x3
3022.582165125862,8.296120869927108,68.82562148844012,570.9856748159517
3377.0056390844284,8.741508265957236,76.41396676379868,667.9733221003278
-266.89694858726136,-4.2772093042731285,18.29451943256062,-78.24948873415384
1367.927454059101,6.6089525213465095,43.678253429412386,288.6675031303268
-238.1633131507392,2.8349103778600693,8.03671685049872,22.783372003401713
-96.63791069909185,0.3819189826026559,0.14586210927224777,0.05570750837353429
-13.202383474364922,4.731766292825341,22.389612249918073,105.94241255359168
-1897.2650739368205,-7.30666805524379,53.38739806952007,-390.08399602714627
-449.7326241058904,3.1398458080366254,9.85863169824517,30.95458341071209
753.713769440208,4.1012956807389855,16.820626260848258,68.98636183094172
556.5236652214684,-0.8451644750311971,0.7143029898547589,-0.6037035114338118
197.53206649244362,4.382245033048093,19.204071529674685,84.15694707521719
2308.6888035080656,8.69344494305551,75.57598497793742,657.0156644228894
-449.09970615363477,-4.891423513181508,23.926023985304923,-117.03231629866522
1120.4341332739534,-0.7541435491293669,0.5687324926934378,-0.4289059405450209
3997.7504256023058,8.800290455110371,77.44511209430671,681.5394807584801
2934.5297112608414,9.56452856771648,91.48020672266465,874.9650505795352
-1808.140747883492,-7.650252766907215,58.5263673975715,-447.7415041202996
766.890129333366,-0.5000583687797189,0.25005837218663335,-0.12504378169535968
-4.313054103207715,1.2066549248993397,1.4560161077838312,1.7569090071901274
3122.3057964477166,8.080627745948732,65.29654476859649,527.6370713717042
-1532.7050207055102,-7.2257966455072165,52.21213716222334,-377.2742855615561
4349.14730719297,9.777834578417242,95.60604904289188,934.8201322374429
3222.111167446269,8.933364651165903,79.80500399070048,712.9272016366775
-521.7142000480637,-8.35124883800745,69.74335715432079,-582.44413039376
462.1289780577395,0.28423568699508905,0.08078992576157024,0.02296338005112216
-634.5511510745114,-2.1959306579083204,4.822111454341669,-10.589022378439749
2050.245158411676,8.114762618206441,65.84937234984066,534.3520251768439
182.59883294550042,-1.0606074379757047,1.1248881374893882,-1.1930647255118823
413.322444834124,6.720085199922323,45.15954509421505,303.47599062285934
-394.7536559562797,4.751912355422974,22.580671033621513,107.30136967840772
531.7167449354212,6.221102825365961,38.70212036377634,240.76987034274245
-207.24418958056071,-2.2378343436867,5.007902549783683,-11.206856315742119
872.173432635365,3.703394588083029,13.715131475042666,50.79254367952022
-3766.646337617762,-9.921033224090934,98.42690023351615,-976.4965473609974
1409.2467953220091,6.658321605063975,44.333246596461706,295.1850136358499
-3586.2962745016425,-9.853317062370479,97.08785713160121,-956.6374392237935
-1060.2577603219152,-5.846820543520153,34.185310468129295,-199.87537553167286
3047.8325836738786,8.132028155960143,66.12988192932852,537.7700617996194
-483.10043053187303,2.2355728689581156,4.9977860524216196,11.172914903651055
-156.53476440366154,-2.4088151892647147,5.802390616032404,-13.976886649945898
-179.0115751271087,-1.2845683004707098,1.6501157185742077,-2.119686344188874
-2661.9033410676243,-9.251379342749715,85.58801974345614,-791.8072378414649
4490.618582733596,9.47079827543348,89.6960199739538,849.4929112825686
250.59413340927912,-1.3649750221520662,1.8631568110990337,-2.5431625095026766
4027.5240990046623,9.151531932875514,83.75053671844024,766.4457111742691
2444.097741082081,7.755098110064864,60.14154669673163,466.4035951242012
-194.41219576731348,2.7995753893628716,7.837622360726274,21.94201467220941
3669.658534356312,9.41933220718056,88.723819229229,835.7191280099426
764.4455442952327,2.3767641466110945,5.6490078086159645,13.42635922344453
-900.8979598602814,-3.331455774605274,11.098597578150828,-36.97448699175069
70.26143137913877,-3.0650350358337164,9.39443977088819,-28.794287039801976
-102.56562639546682,-2.030291771516204,4.122084677486406,-8.369034602193674
1286.9185824533806,5.693855513818562,32.41999061224204,184.59474230546036
-2523.6694613114796,-9.221270177513361,85.0318236866973,-784.101419901716
728.564577741197,4.975907723419368,24.75965767198452,123.20177183924739
970.4904701553628,3.5455366037786007,12.570829808733894,44.570337226737166
-1782.0325194616187,-6.574713392183185,43.226856189352915,-284.2041902901152
78.91782535007815,-4.7782407235354185,22.83158441205228,-109.09480642050467
-787.8444081159057,0.2882586931809783,0.08309307419440538,0.023952300979669366
512.1795071734609,3.512145490385592,12.33516594563585,43.32289744912288
3946.4911164550103,9.656343958340585,93.24497864178072,900.4055861531562
1135.3281310302518,5.190885351039469,26.945290727636152,139.86991491758616
57.77620052723543,1.3297684816643596,1.7682842148279363,2.351408615502799
745.7314738642996,6.993794371373951,48.913159709061965,342.0885810593527
-1857.794412544671,-6.210521291941404,38.57057471765753,-239.54337552642892
-57.736536617701745,-4.574267705902457,20.92392504526213,-95.71163461526616
1237.502930780832,6.56316970475018,43.07519657335057,282.7098251763732
-1.2042612192664706,3.864096407778561,14.93124104860718,57.6957548995988
-643.0362608795955,-5.189105207100511,26.92681285035763,-139.72606477241175
-3156.789308784463,-9.140224079601467,83.54369622532649,-763.6081039376393
-1423.983955879201,-7.1904181176796556,51.70211270705584,-371.75980793112984
-1109.4939561048373,-5.6722916988655925,32.17489311701951,-182.50537913955745
-991.0992907870566,-0.4120287159457803,0.1697676627639285,-0.06994915209773771
-897.5992279222291,-6.0517931543290615,36.62420038278409,-221.64208515930855
927.9042677240489,4.38711675349623,19.2467934088073,84.4379298148593
-2603.1416122864794,-9.84230522532016,96.87097214836453,-953.433675357692
-45.84193483968241,-2.4902007076889277,6.201099564574436,-15.441982524152762
-38.41385553563649,0.28815416619181633,0.0830328234937009,0.023926254020379643
-3201.7527158663447,-9.968588915653527,99.37276496929036,-990.6062433907109
56.43011473278261,1.6320800501853228,2.6636852902129258,4.347347622128618
-1370.817065382773,-6.841895836405456,46.811538636222316,-320.2796712909026
-939.0889321404857,-2.819433882832527,7.9492074196641,-22.41226474066469
-500.73520265947167,2.912637568078935,8.483457602984773,24.709237321658325
977.9769512478584,5.516467252746224,30.431410950621476,167.87388196396623
-713.1695003714881,1.272936831228435,1.6203681762978892,2.0626263317600335
-4.618529856402347,-5.325932027772069,28.365551964448304,-151.07300169288814
-2692.663310997564,-8.200389673002064,67.2463907890789,-551.4466085734238
-2183.343244579825,-8.287758701480925,68.68694429397279,-569.2608202505086
-198.9111398976965,-3.895632610656321,15.175953437208983,-59.1199391077932
185.10382047027244,3.348530293442309,11.212655126100836,37.54591535966984
-3637.572611624637,-9.99522206839174,99.90446419646526,-998.567305267362
-401.5344946757766,-5.828600861132145,33.97258799839038,-198.01265566230575
2778.699301571119,8.660682546906173,75.0074221782852,649.6154721478977
2578.8630595350633,8.512894972227514,72.46938080817648,616.9242275223667
566.7964678046204,4.681886020116508,21.920056705362395,102.62720704899732
-337.90631088216304,-3.3385603316128254,11.145985087818739,-37.21154367093973
770.6904011380899,0.3012665966525674,0.09076156225862073,0.027343426968524775
-538.2237535811234,4.879492926411331,23.80945121889821,116.17804880434946
590.4492462761801,2.3831848008558154,5.679569795030172,13.535464410915687
-34.67949921238393,2.5249068904668093,6.375154805526772,16.096672296267137
-427.2279676329674,-5.656846035271883,31.99990706677122,-181.0185474197335
-148.72757531163808,-5.668653780594468,32.133635684247956,-182.1544554057575
385.31248996034856,-2.221099426969886,4.933282664485955,-10.957311299170227
2695.141453291836,8.849113839678466,78.30681574758897,692.9459269731412
4226.377557253898,9.252160275354981,85.60246976085676,792.007770193675
-290.288856115906,4.797105584293604,23.01222198686088,110.39205860017438
913.6241407406899,4.664918114431202,21.761461014348363,101.5154336823221
-250.37280213111947,0.7152257999405265,0.511547944900566,0.36587228809943967
-4626.00937790717,-9.954540678299963,99.0928801159287,-986.4241060439139
-871.9389551213062,2.1787490509450436,4.746947426993928,10.342407201449037
1495.749789443062,6.736031188629568,45.37411617419026,305.64146170584695
1707.9354987939907,5.030451253987849,25.30543981874792,127.29778146893452
135.09887453342643,-0.9453685488551855,0.8937216931645593,-0.8448963801473788
570.8281214005098,0.7157998764887452,0.5123694631813029,0.3667539984617813
425.177084207307,0.7475339062511921,0.558806940995166,0.41772713544239587
-4014.8583223259725,-9.972383128479123,99.44842526117506,-991.7377982283592
400.98790487134687,-2.8866809234023094,8.33292675353481,-24.054500695537673
242.16780911908006,2.2426618030294776,5.029531962767427,11.279539220014387
1386.260866316368,6.578842611052096,43.28117010099476,284.74000611661825
426.33836986905703,-2.865560012869537,8.21143418735686,-23.53035745559968
357.89709453085317,-1.7872974835336208,3.1944322946456136,-5.709400801538635
-290.1763362296914,1.4695179788395762,2.159483090132753,3.173399225950126
234.9283548021804,1.7935660714283586,3.2168792525789556,5.769685483307432
-39.25237159479036,4.393145847134292,19.29973043419328,84.7865306077875
288.3723840633882,-2.100539095699787,4.4122644925632795,-9.26813406719715
2369.654439955546,8.38407858274877,70.29277368170663,589.3401383468031
3669.593863583352,9.251405871473253,85.58851059872977,791.8140494837394
-345.965244538588,-5.329529489390552,28.403884578283517,-151.37934047320755
297.32894992404084,4.489951999858022,20.15966896102905,90.51594596804806
2549.74178346791,8.072690502740443,65.16833195303575,526.0837744367082
340.6176677172967,2.0694816950708628,4.2827544862333715,8.863082013742579
-15.558794252255524,2.6301459781825542,6.917667866549865,18.194476317608817
3511.774880540886,8.74771699309349,76.52255259125663,669.3976336574259
2236.461435690902,7.009655013680458,49.13526341081558,344.4212455161334
-302.8829342291904,1.5964179811999202,2.5485503706984285,4.068551637776694
811.5699037060787,6.428078478202224,41.32019292192662,265.60944283660035
-1423.0524249498037,-7.725627818144858,59.68532518449368,-461.10660858034623
231.07708274137724,5.290155173279345,27.985741757374218,148.048916535833
-139.98784967313347,2.472269143909216,6.112114719925607,15.110792626105399
-853.6371431057376,-7.031067865900695,49.43591533490136,-347.58727573261234
-2457.454581819378,-8.394710668362677,70.47116720552215,-591.5850591521668
-964.4349607105561,-0.7186089735478163,0.5163988568634461,-0.3710888524719067
1135.7452802799073,5.587363229133189,31.218627854269656,174.42981333693942
-317.95001039160985,4.670559191145003,21.814123157989062,101.88415341231487
478.73639158322203,6.344608888030052,40.25406194206994,255.3962791769692
-2538.8946861119557,-6.596750374883413,43.517115508524455,-287.0715480447035
3486.3017428005573,8.894406510517001,79.11046717432721,703.6406542853775
-111.87048731528834,-4.127523172646761,17.036447540735985,-70.31833200396869
-1017.0514970065656,-7.018558951094747,49.26016974999219,-345.73540533125436
827.7804491565007,4.387571825645864,19.25078652520138,84.46420857949661
-164.08878177895951,-3.5182809503749013,12.37830084577092,-43.550340063685354
246.1879634537803,5.576189970597625,31.09389458819354,173.38546314950457
254.397909699404,-2.111179963685572,4.457080839067414,-9.409699763966001
880.3819695594508,3.571857358328998,12.758164988249009,45.57034549205262
24.725676506698846,5.5165008548647165,30.431781681723148,167.87694966228216
-1171.175771883655,-6.24261911958456,38.97029347220271,-243.27669912539403
-3239.6071232306226,-9.418283621780574,88.70406638030022,-835.4400555749183
-2046.1244571473785,-7.285724058747292,53.08177506020911,-386.73916563717745
581.3455743977512,3.60328356269747,12.983652433205773,46.78378139634738
2576.484325896454,8.696459075435996,75.6284004507331,657.6992894604856
638.6524243087014,1.0098816873505712,1.0198610224460367,1.0299389702108823
77.97800660788991,2.035324708558619,4.142546669269228,8.431427592320869
-427.1277980445402,-6.060110237449408,36.724936090039115,-222.55716116892125
785.8484549313696,0.7047322113066912,0.4966474896532188,0.3500034836232299
-808.7332911116567,-6.4088852144777775,41.073809692351865,-263.2373316395879
536.6523716499248,-0.9622701117768884,0.9259637680191053,-0.8910272585530932
-56.74563977956434,-3.6589329643175006,13.387790437369253,-48.98502775066496
-2402.871373182735,-7.676506591960788,58.928753456417425,-452.36696436422045
-871.8425433319403,-6.277956864796579,39.41274239624649,-247.4314966869748
820.5633383086495,4.594601932913065,21.110366921928474,96.9937326639966
229.62088231337745,-1.762558575719595,3.106612732842687,-5.475586913711565
-100.83577456164232,-1.7190063651651144,2.954982883478179,-5.079634385652953
-608.4163847076431,-0.3937974199652672,0.155076407971301,-0.06106868935657953
315.4101331319896,-1.4501106878742576,2.1028210070871522,-3.0493232170635896
-1850.2859038361023,-7.270192797295749,52.85570330985099,-384.27115349927976
609.8279015172533,6.493588127195835,42.16668676565871,273.8130965446672
337.54616160821837,1.8460848508402705,3.408029276501944,6.291511218570366
316.86244418153217,5.8879395527765155,34.66783217715011,204.12210028486052
843.9064052089458,5.380648514255881,28.951378433964024,155.7771913563683
2566.8884177819396,8.361128345131874,69.90846720376767,584.5136667021438
1035.1509980190133,7.252595541067421,52.600142082311045,381.48755592568193
427.53368786822125,-3.6604952439665794,13.399225431101948,-49.047800963384724
-681.9548412435543,-4.81478848028928,23.182188109926358,-111.61733225957256
1136.1307539032437,4.845329038798809,23.47721349422699,113.7548242936573
331.1358731191117,4.947222336195409,24.475008843750764,121.08331043038396
2275.259059118624,8.35808068048209,69.85751266144794,583.8747269621811
906.7650422669936,5.863824184052646,34.38443406148068,201.62427600467396
-1608.8881418666224,-7.333407634869218,53.778867539158135,-394.38235780628264
-437.7114438123366,-4.245004956610501,18.02006708164772,-76.49527408004829
-1248.9971947020179,-6.106477123685181,37.28906286209045,-227.70480933101396
236.62658382838367,5.682187653146684,32.28725652557262,183.46225038358847
-1177.6824870751702,-7.4225567653775215,55.09434893525162,-408.9409324234217
-1884.7428727064741,-7.418214329518378,55.02990383867179,-408.2236212080535
-2989.217025333897,-8.554937774315476,73.18696032240983,-626.1098914495119
-2886.7518067856277,-8.93741033039987,79.87730341393834,-713.8962366962173
-395.9373093071863,0.6374887283891439,0.40639187882320776,0.2590702420586818
-2795.2376983776076,-7.7538351668044925,60.12195979397405,-466.1757661477218
396.4572283898831,4.863754394464195,23.656106809669765,115.0574934514457
554.1107014109787,4.626309545710683,21.402740012733783,99.01570042527429
2169.536796815274,7.702353741042316,59.32625315214856,456.95178790847496
198.56673809614037,0.34222111105918884,0.11711528885458566,0.04007932427383414
1058.1157830970842,7.038619699887931,49.54216727965047,348.7084745896911
-166.2149370091668,-1.1440746346488595,1.3089067696469214,-1.4974870342732205
-1657.8047536090817,-6.84239799156785,46.81841027501175,-320.35019643414
-321.1703482762763,-1.1535072233527899,1.330578914327063,-1.5348323889171802
2951.82535938709,9.354673344641924,87.50991338495412,818.6266541341538
-557.6804923241378,-0.3082414111122489,0.09501276752447044,-0.029286869535422824
-105.82283415321763,-4.950831211172044,24.51072968151525,-121.34848551584672
-519.6590000756902,-4.80620039626956,23.099562249101673,-111.02112523528584
-122.24802289070398,0.8403188176453114,0.706135715288814,0.5933791293686225
1006.4614746630048,2.9975167522206903,8.985106679843675,26.93300779332144
-142.6996421842243,-3.2716173538938165,10.703480110299177,-35.01769127591209
-2762.0502213542836,-8.78100507427007,77.1060501143567,-677.0686173110886
371.84697021439325,-0.9737829957157373,0.9482533227451158,-0.9233929613201407
1152.5896383685838,6.775100668892264,45.90198907362441,310.99059687619814
710.4293681244113,1.4927466865628958,2.228292670244504,3.326276500199871
-268.81845281220353,-2.932992451824248,8.602444722458014,-25.230905438204687
-299.06667100286063,0.9485215647146106,0.8996931587286532,0.8533783626803326
1555.9008632268096,7.8543718764558434,61.69115757366049,484.54529307256485
165.00793792376612,-0.20018858835101128,0.04007547090597065,-0.008022651948168287
-282.4943247775907,-6.5673577366396785,43.130187641001044,-283.2513714868492
-170.51180352134338,0.860619880259037,0.7406665782970792,0.637432381925903
3550.39686479154,9.229353917762637,85.18097373932054,786.1653536998343
-5.099031038893486,-3.726323558948934,13.88548726597785,-51.741818326698684
1901.8350441977755,6.410290962085128,41.091830218590275,263.41058786576576
140.03873355510845,-3.8589119911193848,14.891201755204975,-57.463837015338505
-1425.5556808609094,-6.290928376838565,39.5757798425127,-248.96839644677883
-3068.985131939916,-9.033064465038478,81.5962536295409,-737.0642191412728
-831.027114147058,-5.086517054587603,25.87265574661054,-131.60170470260846
-13.192957442583307,-2.9778615571558475,8.867659453586649,-26.40666218878531
-1143.702273053769,-6.819552364759147,46.50629445569208,-317.1521103315001
-17.398142519735813,-3.918040064163506,15.35103794439037,-60.14598169261566
-3661.10656012567,-9.649033504538238,93.10384757170146,-898.3621446207686
4046.399671318568,9.931053584441543,98.62582529704922,979.4583558347659
1397.5589185879012,6.087866253219545,37.06211551708938,225.6292023294129
-2121.355804369619,-8.26838796492666,68.36623953854404,-565.2785922077907
1472.892301976428,7.398665393702686,54.740249607973716,405.00479041716216
497.5457993595064,1.091717267408967,1.191846591958902,1.3011595045440627
-3.530690454384211,-1.5724315633997321,2.4725410215757258,-3.887901544126289
-2836.6387185108674,-8.647263618186116,74.77516808240524,-646.6005905027346
870.2523088747366,1.2287591304630041,1.509849000696198,1.8552407452258959
-2910.5175769476814,-8.585562114603817,73.71187682372037,-632.8578970540768
-1570.3728129943115,-5.7721612229943275,33.317845184239374,-192.3159740061948
-1116.7171961369133,0.99240826908499,0.9848741725482659,0.9773972728451364
326.04464292656274,-0.3603710327297449,0.12986728123070287,-0.046800406254912615
-1403.5051031662774,-6.810602908954024,46.38431198345302,-315.90513012433615
-1380.3996376348618,-7.008420098572969,49.11795227808155,-344.23924394645474
145.78502367137847,-0.014542392455041409,2.1148117831644529e-4,-3.0754422919323406e-6
2754.697539891257,8.81129756104201,77.6389647092249,684.10002038422
-922.4521092708924,-3.3153734682127833,10.991701233729259,-36.4415946408277
-1837.6960476760319,-6.231313408352435,38.829266793112836,-241.95733080441795
-505.7116852419715,-4.605676434002817,21.2122554147289,-97.69678487566554
91.65666084519499,0.6148815620690584,0.37807933537248534,0.2324740123198652
-4389.182992276338,-9.57099542953074,91.60395351209831,-876.7410203912393
1118.6551750114902,5.975206149742007,35.7030885319147,213.33331416068006
-1514.5461400974511,-7.793297995813191,60.7354936515459,-473.3298009493174
653.8784699825262,0.7959657162427902,0.633561421433898,0.5042931705954329
103.8622036696781,1.424677949398756,2.0297072595030445,2.8916791763485663
179.07359194732635,2.37903093919158,5.65978820963077,13.464811259983321
684.6696846139286,4.2970738699659705,18.464843843944323,79.34479799481515
-1563.9017306921826,-7.533988426439464,56.76098160972379,-427.6365785210023
-219.44299228066922,-3.779007624834776,14.280898628559374,-53.96762480681837
3149.193010573733,8.91478325240314,79.47336043732751,708.4877826388855
373.087686475905,5.018478259444237e-4,2.5185124040514456e-7,1.263909974587282e-10
-1622.6898054001913,-7.295390018261969,53.22271551855637,-388.2804675388726
1540.7889755411534,7.385156410746276,54.54053521118682,402.7903832604294
-1160.0857667288817,-5.899007758125663,34.79829253042676,-205.27539760651374
2213.2158406006674,8.500917819328606,72.26560377097863,614.3239588212527
2210.5629743412,7.735071964561939,59.8313382969521,462.7997074629753
-620.6788637818361,-7.274083495140076,52.91229069426926,-384.88842042923784
369.1935106824557,5.7069888431578875,32.5697216559286,185.87503811514236
-95.72979846897863,-0.9339317167177796,0.872228451491419,-0.8146018150714716
-1915.9426352548062,-7.285151612013578,53.07343401002404,-386.64801333322293
2477.8054311471906,7.704420736990869,59.35809889257492,457.319768016309
-271.5432694006085,-3.2657291973009706,10.664987190104041,-34.828960055563606
-66.42374705723557,-3.614517697133124,13.064738182888542,-47.222727370461484
153.77056388266044,-1.9243437051773071,3.7030986956555267,-7.12603466463501
-526.7441986214757,-0.41845385916531086,0.1751036322503418,-0.07327279066901891
-109.47948020966942,-2.6419635955244303,6.979971640076376,-18.440830970874735
-114.42350230056734,-0.6861886475235224,0.47085485999016086,-0.32309525955652596
-2354.30709410768,-9.002156942151487,81.0388296111262,-729.5242625676312
-1488.73953215875,-6.252865768037736,39.09833031309815,-244.47661120220357
3297.9702139755373,9.653188274241984,93.18404385796293,899.5231195161385
250.39880484406413,-3.434518608264625,11.795918070515977,-40.51330011475208
-1315.9157800078656,-6.580072189681232,43.297350021416364,-284.8996887628159
-329.5040288591947,-0.23490210995078087,0.055179001259328744,-0.012961663820793118
-3251.807389831998,-9.626251766458154,92.66472307123873,-892.0139541528674
-267.04348565461805,-3.210298325866461,10.306015341061,-33.08538379576219
-2148.6425743450586,-9.406732488423586,88.48661610876378,-832.3699265409741
1892.029248429228,7.344573261216283,53.94275638937319,396.1865262136941
553.5548502798993,4.634151994250715,21.475364705817878,99.52010417872732
298.345840988398,-3.694784063845873,13.651429278449424,-50.439083346733895
-64.88921292527048,-2.2709197644144297,5.157076576408088,-11.711307123963831
-98.1701110568598,-3.351080189459026,11.229738436184741,-37.631754006305265
-2558.964999385161,-8.204440576955676,67.31284518079678,-552.2642383516645
-512.3707805172713,5.141112050041556,26.431033111082495,135.8849028224336
-550.8264820986574,2.059369944036007,4.241004566398867,8.733797336561283
-1232.0502927902417,-7.09200054872781,50.29647178315556,-356.7026054852121
-3541.334642581648,-9.349650330841541,87.41596130900534,-817.3086715735732
344.9339165837855,-0.3246371680870652,0.10538929090358944,-0.03421328094564518
359.56134456471585,-1.1086094425991178,1.2290148962199265,-1.3624975190443853
-2394.7093332599793,-8.792288200929761,77.30433180820869,-679.6819644380724
-235.2604159947158,-3.4498795587569475,11.90166896992903,-41.05932449445002
1239.3592141157167,7.568580945953727,57.28341753545381,433.5541824779473
2641.2361568482293,8.612097725272179,74.16822722963823,638.7440210118375
-255.92501068077092,-2.1564308600500226,4.6501940541760804,-10.027821963646426
-811.9384186061338,-6.823064503259957,46.55420921564604,-317.64237237661206
500.2282829498558,-3.60104797873646,12.967546545161946,-46.69675727562639
58.34072131142918,-3.860687594860792,14.904908705112009,-57.54319614035856
-2324.6042857541247,-7.843774911016226,61.5248048546876,-482.5867207243679
4655.625941708415,9.586686068214476,91.90454977049752,881.0600668903526
506.0632097065455,-0.06193143781274557,0.003835502989553972,-2.3753821487816154e-4
-1861.035876240771,-8.138506561517715,66.23528905186691,-539.0563345526414
-1780.2976370019887,-5.764526836574078,33.22976964958274,-191.5538989181945
2316.4470924737607,8.610014924779534,74.13235700492633,638.2807002215004
-260.1887669165113,-4.063071864657104,16.508552977368158,-67.07543712854581
531.0543056408673,3.064364977180958,9.390332713373253,28.775406690937626
1684.606336375758,8.02140955813229,64.34301129929608,516.1216458351876
5698.428444826558,9.815915864892304,96.35220426664442,945.7851304782989
-1283.6949422288415,-1.393335573375225,1.9413840200328671,-2.7049994166939944
-146.02952998160936,-2.1244615549221635,4.513336898342296,-9.58841072493985
-1458.5978750813722,-7.161822090856731,51.29169566108348,-367.341999063048
-622.9440367999127,-4.40386607311666,19.394036389947953,-85.4087388784817
-142.14407135384752,1.2964444514364004,1.6807682156602293,2.1790226273433633
3253.3658385884987,8.702790108509362,75.73855567276838,659.1367531417543
-508.60252760824756,-2.831997098401189,8.020207565352752,-22.713204553654258
393.7707470786927,6.840143618173897,46.7875647172451,320.0336622105622
468.19255852488163,4.448184287175536,19.786343452675332,88.01330204684896
589.9907260912407,5.014719786122441,25.147414533327904,126.10723723010247
2666.130136444787,8.479769043624401,71.90648303321069,609.7503688609232
-3330.96424502426,-9.95243786368519,99.05101943051464,-985.7991162168714
-1133.7602497667735,-6.7914017010480165,46.12313706499789,-313.2407515208975
364.46650568759964,-2.0145409740507603,4.058375336129386,-8.175763402709675
-788.0292640019672,3.506391546688974,12.294781678691894,43.11031854655173
-563.6550361875105,-0.3925596736371517,0.15410309736610706,-0.0604946616085132
179.36502301153124,0.6765756150707603,0.45775456290837757,0.30970557495118256
-338.83441004183214,-3.6609968543052673,13.402897967233063,-49.067967296614704
1602.7450888204335,6.295151803642511,39.62893623090356,249.47016939040662
-744.9182712566524,-4.155609575100243,17.269090940664825,-71.7635996663036
345.2156071761118,-1.817358173429966,3.3027907305327022,-6.002353729262334
-2339.6481263840387,-8.181633846834302,66.93913240366466,-547.6714713515455
415.3472948519419,5.971932760439813,35.66398089521429,212.98289587582983
-240.6316675731705,-2.8042950062081218,7.86407048184381,-22.053173580703294
-2843.966890386085,-9.190248465165496,84.46066685147676,-776.2145138986385
-3471.212030587256,-9.178273202851415,84.24069898618036,-773.1841500943316
2888.040789245237,9.088684767484665,82.60419080270778,750.763450678967
-672.9277490686984,-2.5331751024350524,6.416976099596838,-16.255324088419503
1554.9766940244508,6.128393351100385,37.55720506581141,230.16532581123235
2787.411141782434,8.201180179603398,67.25935633831962,551.6061000947091
-520.2371819966667,-1.198475742712617,1.4363441058705588,-1.7214235690741075
303.953825176328,1.5267300605773926,2.330904677870649,3.5586622400455834
-2405.405939198844,-8.526644096709788,72.70365955195588,-619.9182295278828
-1641.2118115105573,-6.707452111877501,44.98991383312995,-301.76769255321426
732.0157611709863,4.797815517522395,23.019033740178685,110.44107727700086
-161.19731055887814,-0.48577974550426006,0.23598196114218367,-0.11463525702724617
694.1408861494419,3.7104190653190017,13.767209640282735,51.08211712554861
3111.8174322249215,9.030298856087029,81.54629743024671,736.3874364024895
594.9332635307873,-0.05071024876087904,0.002571529329390234,-1.3040289198927522e-4
-254.83943883515997,-0.5899874679744244,0.3480852123668724,-0.20536591308367083
124.50791885594334,1.2038390012457967,1.4492283409204774,1.7446375985108102
333.67191634417446,3.0502024106681347,9.3037347460457,28.37827415060548
-152.67899189005294,-4.4085300248116255,19.43513697966559,-85.68038491118249
3934.441496643788,9.598151789978147,92.1245177834607,884.2251052641969
120.37378000605673,2.877282160334289,8.278752630177953,23.8203072526316
-14.926529267429668,1.6515687154605985,2.727679221888171,4.5049496686824115
754.0440888681802,2.3174205189570785,5.370437861683294,12.445562896448845
3147.897529614058,8.502805889584124,72.29770799594647,614.7333773513668
-336.3946239747844,-2.1995420940220356,4.837985423374842,-10.641352588977982
439.46231374377294,-4.241606299765408,17.991224002209595,-76.31168906826284
-1935.5915163104683,-8.185280705802143,66.99882023277682,-548.4041505628543
-468.78467103974975,-3.5593219194561243,12.66877252632083,-45.09223974553726
727.5563254438123,5.165402251295745,26.681380417691155,137.8200624772201
-1886.5927208593992,-7.911741407588124,62.59565210054451,-495.2406126588586
410.47091558842595,4.205557052046061,17.68671011801435,74.38246846430967
3042.2758731979266,9.329547672532499,87.04045977405657,812.048118901208
-1165.103746539191,-5.970175475813448,35.64299521200434,-212.79493589924445
-1069.625301196496,-7.830226910300553,61.31245346679494,-480.0904230722482
-2111.135108673392,-8.891956424340606,79.06688905237218,-703.0593320618666
849.8837562220439,6.594470301643014,43.4870385592517,286.77398428539
-420.7554821334484,1.62395513150841,2.6372302691524974,4.282743628559503
861.687577304033,-0.598152494058013,0.35778640614782126,-0.21401083117737246
893.2797729993445,-2.6997175998985767,7.288475119202132,-19.67682455573287
-678.508657153878,-4.397507454268634,19.338071810348204,-85.03931493718838
-602.5040998999704,1.9943170994520187,3.977300693166713,7.931998782044743
2481.8517684192593,6.371392258442938,40.594639310946604,258.6443706400486
-1787.6625422720567,-8.043354391120374,64.6955498611554,-520.3692350616715
3561.234395655544,9.273790521547198,86.00319063753865,797.5755741572227
-1005.7439423564501,-6.6252711322158575,43.89421757537279,-290.8110925733193
-1376.816357055121,-8.278331882320344,68.5307787538415,-567.3205306781678
1584.2608161018527,7.224213914014399,52.18926667543924,377.02642647891616
732.9127359612884,0.4958120407536626,0.24582957975631156,0.1218852656165921
49.84187848089471,3.136217505671084,9.835860242877756,30.847397077047457
-302.68017081889377,-5.4096125438809395,29.26390787491401,-158.30640312311104
-101.70587541745488,4.424520628526807,19.57638279225925,86.61610949628826
85.94409450504261,-0.18499210011214018,0.03422207710390009,-0.0063308139136500664
4102.436027051672,9.305111849680543,86.58510653506525,805.6841008252879
2290.795373051886,8.138849609531462,66.24087296657044,539.124503078995
651.7475881981646,1.0250105569139123,1.0506466417849687,1.0769238994157424
-882.3647444301603,-8.48801800981164,72.04644973488675,-611.5315628927078
-2753.3109227733603,-9.545999774709344,91.12611169875085,-869.889841746414
-122.49283326939455,0.26479055639356375,0.07011403875521306,0.01856553533299276
146.4643693040866,2.614523032680154,6.835730688415029,17.872175330059658
-228.44730858769788,-1.6245675133541226,2.6392196054455974,-4.287590431614203
3023.86364258276,7.585318903438747,57.53706286686519,436.4369706123761
-3237.4132825668535,-7.8402585396543145,61.4696539686224,-481.9379794570875
3882.568317152917,9.605573927983642,92.26705048595909,886.277974559879
-302.5125437382423,-4.7006673738360405,22.096273759446618,-103.86723314438015
-2000.6284722891799,-8.314449535682797,69.13007108141589,-574.7784874045971
-814.3782236067063,-2.2818564856424928,5.206869021068708,-11.881327845616608
-1425.9613494277587,-7.502083457075059,56.28125619691927,-422.22668105831127
123.43297246303896,1.6310844337567687,2.6604364300436387,4.339396448043607
139.4820565860402,-5.197007837705314,27.008890465170467,-140.36541543521523
680.2988634254881,4.437757772393525,19.693694046439138,87.39584382172536
-725.4336190818251,-7.081426186487079,50.14659683466493,-355.1094239882063
-1685.898565730476,-6.943224593997002,48.20836776268483,-334.7215246863255
-447.9456755563381,-4.815546595491469,23.189489013349476,-111.67006486942189
887.324235796197,5.557725201360881,30.88830941384185,171.6687356567414
127.93234585073046,-1.470674006268382,2.162882032713493,-3.180894384136655
-2856.2260806659287,-8.799033276736736,77.42298660512043,-681.2474355227972
-925.3119365729332,-7.703349259682,59.341589816643214,-457.12899198239137
-305.3805029698904,-0.3448620531708002,0.11892983571717983,-0.04101438732869261
3009.2371956485877,9.583471678197384,91.84292940681138,880.1741128128585
1298.5308252656682,6.230335738509893,38.81708341455362,241.84346206241307
339.7328282143802,0.8582563418895006,0.7366039483935474,0.6321950101696084
-1827.036021478711,-8.552658259868622,73.14796331009896,-625.6095325966847
-473.3277447627312,-0.6702950783073902,0.44929549200311036,-0.3011605569953823
-230.09577746836638,-3.2018870813772082,10.252080881890256,-32.82600533295867
-393.13255935171776,3.7983721029013395,14.427630632099143,54.80150970393021
424.2794858751987,0.28314744122326374,0.08017247347128159,0.022700630719933376
175.818868174414,0.29846031218767166,0.08907855795116243,0.02658641421533154
465.2048727568295,0.9102870803326368,0.8286225686205164,0.7542844186872999
301.70664884652524,-1.0508533986285329,1.1042928654091382,-1.1604499106964339
-2417.271600972208,-8.322303192690015,69.26073043105842,-576.40879799444
2876.650194487222,8.602673835121095,74.0059971134771,636.6494550101567
-4310.0471423121735,-9.671036275103688,93.52894263437142,-904.5217969890979
237.60470642729308,-1.718152011744678,2.9520463354622843,-5.072064350038028
-87.2773209659183,-5.4604781325906515,29.81682143650069,-162.8141014373722
-2314.0632885153345,-8.007188253104687,64.11506372065769,-513.3813850711086
-1067.5047389759409,-0.34152249805629253,0.11663761667861033,-0.039834370215411294
-619.084133574997,3.0025734286755323,9.015447194588342,27.06954219409833
2067.7229984114724,8.426595567725599,71.0075128620127,598.3515931582547
555.6470792653946,-2.7479638578370214,7.551305363978526,-20.75071421970382
1601.569185450721,7.102699801325798,50.44834446775353,358.31944622832845
-830.8311339650994,-3.9818769693374634,15.855344198940102,-63.134029906677945
277.5953754184977,-0.6867514969781041,0.47162761860166696,-0.32389097309091314
-2410.9710001292497,-7.145386701449752,51.05655111325497,-364.81880134654153
935.8485148873381,6.154379872605205,37.87639161632806,233.10570221044188
742.9205492478852,3.316152635961771,10.996868304996202,36.467293816937605
-2647.056758081204,-8.761180401779711,76.7582820325289,-672.493156217672
646.13538218533,-1.3814886333420873,1.908510844053388,-2.6365860376698684
872.1877219454151,-2.0628983713686466,4.255549690595415,-8.77876652600763
-283.9981477446912,3.93913502804935,15.516784769205351,61.122710407079445
-408.90465214248115,3.186393012292683,10.153100428787639,32.35176825939478
-475.0823621903245,-1.8529858067631721,3.433556400065764,-6.362331276042712
72.04136042472359,-3.8615955924615264,14.911920519718286,-57.58380655408073
10.732946449695476,-4.897853098809719,23.988964977519966,-117.494426452384
812.6561980530912,3.4513630671426654,11.911907021236427,41.11231595233281
2816.2519766535725,7.887868671678007,62.21847218163936,490.77113752122267
2018.6013627741781,6.914723124355078,47.813395886490845,330.6163941902622
441.0712563108889,-2.1419628616422415,4.58800490065462,-9.827336106234798
-2108.443404620446,-8.418989200145006,70.87937915215825,-596.7327275950034
833.0783498570079,6.568461139686406,43.14468174357044,283.3941654167799
-2653.496534521036,-8.542163502424955,72.96855730216097,-623.3093470111235
-1462.0327218047737,-7.704746448434889,59.36311783467004,-457.37777130469584
959.6606614080719,2.799685401841998,7.838238349287191,21.94460148265747
700.5799212061845,-3.588675996288657,12.878595406338386,-46.21710620063993
-1823.1761096830633,-6.22500947676599,38.750742985826385,-241.2237423184925
-445.0158139202268,-2.123407176695764,4.508858038043075,-9.57414151668305
2400.66370888251,7.240520319901407,52.425134502905166,379.5852516418492
-621.9557423616359,-3.041771869175136,9.2523761041052,-28.14361735649544
-4493.134624859126,-9.971322030760348,99.42726304112666,-991.4212584201904
2746.607809551875,8.225689074024558,67.66196074252699,556.5662512068828
4080.0485068150265,9.034468978643417,81.62162972607024,737.4080817465009
967.964034716458,-0.1816203398630023,0.03298594785195246,-0.005990919059574877
266.0050490474462,-0.726965693756938,0.5284791198995061,-0.3841861900338005
404.5912326108157,1.9294409360736609,3.7227423257968044,7.182811437846424
2637.4973612069807,8.121019145473838,65.95095196115263,535.5889435387459
-1011.7024972825633,-6.539976419880986,42.771291572599324,-279.7232383326539
-827.6971651068633,5.717621534131467,32.691196007563875,186.91588626935985
-153.28453204362154,-5.341312307864428,28.529617170144018,-152.38559532955054
-169.77127295064219,1.5409641806036234,2.3745706059033966,3.6591282480113767
1926.508368103166,6.817540666088462,46.478860733769906,316.8715231659386
-1756.9747965014888,-7.355924462899566,54.109624703884265,-398.02631203761695
1373.157496973814,7.917823791503906,62.69193359330529,496.3836833404556
620.6432327787502,-0.9972531767562032,0.994513898550339,-0.9917821446575219
2253.2128819686154,7.88285075686872,62.139336055065755,489.8351122529948
1305.689559409056,-5.0290963891893625,25.291810491757484,-127.1949528201592
-1658.67208352318,-8.326094127260149,69.32384341599594,-577.1968455450259
-2190.82860792523,-9.027178506366909,81.48995178581269,-735.624341245764
4213.245858132962,9.596317340619862,92.08930650188147,883.7182088696625
-301.1531789404946,-0.3166451770812273,0.10026416816880179,-0.0317481652847122
1291.2885885581702,6.9078606786206365,47.71853915523316,329.63302027165435
517.2044844463082,-1.6741279093548656,2.802704256880893,-4.692085418111992
528.2265286622011,-0.2131491433829069,0.04543255732486701,-0.009683910675490216
-616.4008556025885,-6.3342436496168375,40.12264261271123,-254.14659417541205
155.68813414939183,5.183229357935488,26.865866576964333,139.25194836809933
644.3263242849814,-3.89713394921273,15.187653018106408,-59.18831818572566
-1757.4277727683375,-6.686435057781637,44.70841378193132,-298.9399052893133
-3235.4935885183413,-9.34381714090705,87.30691876270838,-815.7798840547739
-229.35265679781514,-7.269895835779607,52.85138546308568,-384.2240670932694
-701.7432576093331,-6.457271771505475,41.69635873108145,-269.2447202087781
487.847749220168,0.391209009103477,0.15304448880372434,0.05987238281365318
1281.7762445967078,6.22241570148617,38.71845716210163,240.92233578278083
-2155.802108843396,-7.692759749479592,59.178552563213316,-455.2463871907497
1852.3434697612108,7.868435732088983,61.91228087001469,487.1528030527528
107.14494859570706,1.5070576220750809,2.271222676254597,3.422863445679255
-2740.1870871917836,-7.068552114069462,49.964428989315856,-353.1761701607021
1879.2581727062136,8.056115927174687,64.90100383207768,522.8500106612264
-18.57898202201835,-4.9399506114423275,24.403112043489426,-120.55016826033122
-1380.6898591190932,-6.988047994673252,48.83281477585686,-341.2460533686769
576.2203462775699,5.3709431970492005,28.84703082592909,154.93576396959241
-116.62858773917719,-5.397533378563821,29.133366572710578,-157.24831850614083
-469.33963953909404,-3.8920134399086237,15.147768616429358,-58.95531903976912
316.7631065662979,0.37139224354177713,0.1379321985629947,0.05122694868096049
-828.751369645947,-3.308006664738059,10.942908093951417,-36.19921290640734
-1803.7835469976246,-6.911300634965301,47.766076466871766,-330.12571461529194
-1187.9714898285015,-4.6726086270064116,21.833271381174743,-102.01833221144929
-42.419766941347994,-2.984907664358616,8.909673764746808,-26.59455350732763
-76.08267324725006,1.5691675757989287,2.4622868809386866,3.8637407358840647
1789.0327882800798,6.172035904601216,38.09402720768655,235.11770367669703
2825.4235653775363,8.665406298823655,75.08926632369267,650.6790013753733
2015.8370030820497,6.677266750484705,44.58589125712857,297.7118892319513
-534.9616217081681,-7.459944509901106,55.650772090803656,-415.15167173054846
-104.86235475897175,2.9890790302306414,8.934593448964552,26.706205921936004
467.0230695004764,3.8070331513881683,14.493501415768527,55.17724036952214
-3456.5474028690123,-9.359103511087596,87.59281853125218,-819.7902554619009
2978.0972106327818,8.409782997332513,70.72445006222303,594.7772776289756
-539.5045142375639,-0.4306222591549158,0.18543553007968347,-0.07985266689050265
-863.4434978940521,-4.669588431715965,21.805056121615568,-101.82063781841345
1762.1761178538686,7.1302143251523376,50.839956322607605,362.4997848615759
-512.2427172607682,-5.4170704446733,29.344652202552982,-158.96204815566702
1042.541070296752,5.838937466032803,34.093190732241574,199.06800870308766
168.5722891647664,2.935497206635773,8.617143850166427,25.29560170134218
-273.3406984017891,-1.5133061865344644,2.290095614203483,-3.465615860729575
-2008.2239082168949,-8.098634639754891,65.58788302823784,-531.1723014406789
-2830.2797041641525,-9.930645921267569,98.61772841358821,-979.3377424350725
-4.573351477891708,0.6226733792573214,0.38772213723573196,0.24142425340544413
-656.1038432517577,0.4861423186957836,0.23633435402691283,0.11489213085411362
-1089.0482123035388,-5.7362889079377055,32.90501043532915,-188.75264637575307
-158.0796435666278,4.338641599752009,18.82381093109867,81.66976917153129
2966.9388105215708,9.226871524006128,85.13515812051517,785.5311661539405
-628.2158537926515,0.3653319925069809,0.13346746474912075,0.048759934831651516
-2301.117727905246,-6.509439554065466,42.37280330803201,-275.8232018699396
350.5555624027686,1.2508026976138353,1.5645073883580476,1.9568900617950222
979.6803803483147,5.185163393616676,26.885919418502407,139.40788517254643
64.79603870749064,3.339426750317216,11.151771020734202,37.24052246005211
-947.4928552822338,-5.502541535533965,30.277963350276483,-166.60575094627146
-499.95690384788554,-3.0830047512426972,9.504918296185046,-29.30370826731214
44.96536883358203,-3.603364801965654,12.984237896044975,-46.78694581495704
2451.3735074039746,8.097967952489853,65.5770849595527,531.0411324201621
-562.5768565170929,-6.01603239774704,36.19264581074199,-217.73612975760753
239.59004940962845,3.6192603316158056,13.099045348007751,47.40885521008101
-1070.4237674152687,-7.249644827097654,52.55735011906378,-381.022121416631
-1556.2388321459773,-7.860106262378395,61.781270455880055,-485.60735080795615
-1696.8625527293898,-8.142812084406614,66.30538864195839,-539.9123198950158
2784.942463106173,8.328979103825986,69.37189291196994,577.7970464566516
528.090044627108,-4.458791282959282,19.880819704993684,-88.64442559871097
1504.970614054765,7.7158775459975,59.53476630482841,459.3629665376341
1505.5404904568177,5.457292990759015,29.782046786987475,162.5293551810838
772.1081212964717,5.9010247234255075,34.82209278647909,205.4860304544301
-755.2111612468191,-5.886528138071299,34.65121352030515,-203.97534340559287
-2682.8393683234362,-9.036133540794253,81.65170936706689,-737.8157496749375
-3125.192532703036,-9.223681376315653,85.07629813179223,-784.7166666440902
-1548.7521305278135,-4.308517402969301,18.56332221168933,-79.98039680599004
-244.67492753817422,-3.0238033505156636,9.143386702589753,-27.64780334635126
527.2854139492932,4.749066508375108,22.55363270097014,107.10870170237094
-1293.877100479308,-4.9667283752933145,24.66839075394377,-122.52119633043574
277.2018234147094,0.34874006174504757,0.12161963066593959,0.042413637507849655
352.3509823265669,5.188894453458488,26.92462564913226,139.70904069222854
833.1818570993039,2.7216905588284135,7.407599498015721,20.161193617331485
-603.6247294966561,-5.921186292544007,35.060447111011044,-207.59943884418274
3753.4404621365816,9.860905641689897,97.23746007431163,958.8494186303757
-3625.8903751277376,-9.991899132728577,99.83804827862208,-997.5717080084778
-587.0933315986138,-5.868599498644471,34.44046007549014,-202.11726673210634
560.9848023485907,2.680561812594533,7.185411631140088,19.260940026206715
-3416.318987994162,-9.654163494706154,93.20287278251693,-899.7957720187168
-4157.890123057653,-9.465290573425591,89.59172563937935,-848.0117161513492
-590.4312203980568,2.156811901368201,4.651837577883513,10.033138651210987
-407.59975013702336,1.4108270546421409,1.9904329781102184,2.8081566959698243
-243.81946126570213,-5.082933041267097,25.83620830200478,-131.3237168393194
2449.347143504142,8.390501728281379,70.40051925229281,590.6956784582693
-100.2603840615215,3.4443240333348513,11.863368046608057,40.86128367922886
-291.7724082318061,2.9090087860822678,8.462332117503829,24.6169984805648
-626.0768068805803,-5.834290906786919,34.03895038501653,-198.593138707873
-425.2736259286943,-0.3876452846452594,0.15026886670770417,-0.058251017608228525
3790.632128695751,9.730371665209532,94.68013274311252,921.2728809018593
3679.6748772473647,9.86239695455879,97.26687368929049,959.284518852713
-696.0051668942408,-0.984519268386066,0.9692781898234346,-0.9542730543075382
859.9356921094334,4.296975722536445,18.4640003600676,79.33936128811466
-822.2300542516456,-3.6687677493318915,13.459856798537793,-49.38108853310106
1373.4465676491877,6.673751212656498,44.53895524843408,297.2419065996904
-289.7129194136984,-1.3204883690923452,1.7436895329081619,-2.3025217475132917
3691.407452562031,9.919845163822174,98.40332807420617,976.1457781009209
1170.3015603828546,6.116224266588688,37.40819927920833,228.79693620087946
187.16074276278653,-0.2751566516235471,0.07571118293268206,-0.02083243558621464
638.5532970819788,0.7754400186240673,0.6013072224836938,0.4662776838015417
59.0431715549245,-3.179201832972467,10.107324294775493,-32.1332239243974
-2722.3169075860465,-8.959687910974026,80.2760074620541,-719.2479735990269
1300.3774535037376,-0.8255377365276217,0.681512554431149,-0.5626143316002483
-324.21207329203475,-0.03686819225549698,0.0013592636001882874,-5.011359173764076e-5
-780.7043914770691,-4.344715494662523,18.876552729560615,-82.01325112993615
512.2536320063953,5.528901647776365,30.568753430784206,169.01163121393222
-257.37325092152116,-3.9229447627440095,15.389495611540653,-60.372141210565324
302.2476874121642,0.3110236395150423,0.09673570433718298,0.030087090834001715
208.2809344145626,-0.4409845359623432,0.19446736095792316,-0.08575709893185125
667.4740948112999,5.37704449146986,28.912607463246367,155.46437669427922
-1519.8205566348408,-6.721422886475921,45.177525618842296,-303.65725464883883
560.0861273815127,-1.1645170021802187,1.3560998483668034,-1.5792013300771592
461.1450365425786,0.4681533947587013,0.21916760102409644,0.10260405644055137
-361.86722255358535,-0.4616162274032831,0.2130895414020396,-0.09836559020110522
346.58292645373047,0.4928657552227378,0.24291665267127968,0.11972529947500975
477.98628458589747,3.704564943909645,13.723801423644272,50.840713651209846
439.8659181759559,-2.964159557595849,8.78624188288682,-26.043822852507915
1481.4596479706272,6.792625705711544,46.139763977893246,313.41014685170114
2064.3274700223515,8.438273831270635,71.2044652515068,600.8427758014092
-1380.112309271383,-7.873807572759688,61.996845692847806,-488.1512331035589
-1080.55567034368,-5.869421637617052,34.45011036012723,-202.20222316602613
264.2081955114262,-0.26714176405221224,0.07136472210092784,-0.01906449775313776
692.9520677644484,-3.5235595237463713,12.415471717383754,-43.74665361159124
-709.3095465690416,-0.5657214997336268,0.320040815260864,-0.18105396998534856
814.7091114782761,1.7217700416222215,2.964492076227786,5.104173645475461
84.83076866022373,-5.520999748259783,30.481438220284584,-168.2880127407873
221.90586596783197,4.680594401434064,21.907963950735905,102.54229341463376
-1358.3382514913897,-6.990318018943071,48.864546005960186,-341.5787164329362
-40.46951749462977,3.9510673377662897,15.610933107563596,61.67984791334893
-646.8849215827058,-4.71784190274775,22.258032219322512,-105.00987707702926
281.63888429291165,-1.4707015547901392,2.162963063262133,-3.181073140093261
-33.8699476252587,4.42667146679014,19.595420274893968,86.74248781063412
-94.93641530140225,-0.5105658574029803,0.26067749474564045,-0.13309302861046882
-180.71865133968646,-3.2282607816159725,10.42166767411977,-33.6438610313958
-535.5097147870588,-5.188157223165035,26.91697537227953,-139.64950020344742
-554.008856774876,-5.674806442111731,32.203428155432796,-182.74822155453234
319.62916746676535,-5.158837619237602,26.613605581661087,-137.29526965822504
-208.26515107359447,1.2980934605002403,1.685046632193489,2.1873480138883217
-26.35739797262852,4.251361778005958,18.074076967489976,76.83943999232471
-1360.3646083152594,-7.838068041019142,61.43531061564565,-481.53414472657613
192.65797955154838,0.38151747081428766,0.14555558053653084,0.0555319969492026
1679.7472402476478,7.04380689188838,49.61521553021424,349.47999709425045
676.7571548302869,4.2926388420164585,18.4267482279884,79.09937517552096
-876.8586839012378,-3.7203663028776646,13.841125427587622,-51.4940566347002
-1120.132708274525,-7.683657151646912,59.03858722405474,-453.6322629472382
251.21203089140408,1.50008135009557,2.250244056904548,3.3755491429259075
1786.0665178722536,6.627438440918922,43.92294028816984,291.09658290400324
-296.6795498882839,0.40679515805095434,0.16548230061370092,0.067317398632786
-633.3571116566729,3.880220572464168,15.056111690974156,58.421034324636196
-241.2985959610613,-0.0019202101975679398,3.6872072028439062e-6,-7.0802128714468275e-9
-531.9944472104976,-2.9167920257896185,8.507675721709907,-24.81512070308739
4603.5894005137125,9.296083180233836,86.41716249382644,803.3411307423942
2434.4381616644873,8.445225083269179,71.32182670707891,602.3288798912005
-838.8580441100034,-5.908145867288113,34.9061875891536,-206.23084794764148
3811.3646493106207,9.098058654926717,82.77467128848694,753.0888145249327
2167.917465311204,7.47985664755106,55.948255467913775,418.4849305805598
638.1000103195925,3.9468966284766793,15.577992995880578,61.48472803387438
1318.6127743209815,0.2518756967037916,0.06344136659002042,0.015979338409702042
83.50555880218226,-0.3836696920916438,0.14720243262969676,-0.0564771120021767
199.8337877803467,-5.963981538079679,35.56907578655525,-212.13331131757246
-1740.8308790994834,-7.995412913151085,63.92662765178313,-511.11978422126805
-729.3648534209391,-0.5482225073501468,0.3005479175652817,-0.16476713294650397
-1289.825689227353,-3.75640703830868,14.110593837454989,-53.00513400573101
1072.5763573012844,5.4479861026629806,29.68055257480897,161.69923794691724
1774.991446825204,8.0214800266549,64.34414181802349,516.1352484255256
-95.17494556669993,-3.2954143173992634,10.859755523320054,-35.787393835004636
2116.2368664162605,6.478884927928448,41.97594990933841,271.9573492030921
-444.7661402711593,-5.59934280347079,31.35263983078013,-175.55417820629037
556.1984047582799,5.3224747674539685,28.328737650184177,150.7789913369285
-947.2779494430603,1.2141570216044784,1.4741772731114577,1.7898826872380191
-409.70676963790595,-1.530889244750142,2.3436218796916606,-3.5878255293810746
1106.211961902105,6.771395765244961,45.85180060957739,310.48068847654866
81.0338190103717,-4.253588248975575,18.093012991823098,-76.96022745058114
241.78301929684503,-0.58558598626405,0.34291094730884014,-0.20080384528058684
822.7033548653826,5.616890667006373,31.5494607651033,177.2098717205925
-2041.7241327615056,-8.345663254149258,69.65009515165718,-581.2762397551847
-171.4860401093128,-2.109648995101452,4.450618882532566,-9.389243653114374
-1919.2385099289916,-8.086771853268147,65.39587900680993,-528.8415536719998
-1293.9789352917155,-7.333335280418396,53.777806335029155,-394.3706845001772
-386.2729880155919,-5.577476439066231,31.108243428338927,-173.5054947822973
598.2091921051356,-4.517609179019928,20.408792694365108,-92.19894920877866
-774.2263633268001,-4.018815006129444,16.1508740534912,-64.90737500827711
689.3888223894985,-2.5042645493522286,6.271340933142321,-15.705096775769839
336.48201827749693,-0.17095014918595552,0.02922395350670045,-0.00499583921177387
1152.0919222908892,7.5720524694770575,57.335978600513606,434.15103835190274
439.08303933973343,4.9745965749025345,24.74661108303203,123.10440673409622
2971.1517338481062,9.103720462881029,82.87772626627877,754.4956525273745
-590.2709492593978,-3.3615957386791706,11.30032591030596,-37.98712742577033
461.1536968324634,6.483255927450955,42.032607420827944,272.50815120730175
-1684.9409477288705,-7.3466923320665956,53.973888222046114,-396.5295507327257
-1754.2649744877506,-7.506062923930585,56.34098061800537,-422.8989457147018
290.615939256959,4.562194235622883,20.813616243550662,94.95576004879362
-1021.173641368794,0.9684165706858039,0.9378306543788526,0.9082107461975918
281.11614269973165,2.170348255895078,4.710411551866808,10.223233496142155
-1185.6750769662117,-7.54106598906219,56.867676251390506,-428.84289925636057
2287.8651550459244,7.52869397867471,56.68123302453283,426.73565777565847
1824.6821639011353,6.8469763128086925,46.881084628163315,320.99367596781394
-2659.5672458951935,-9.075243729166687,82.36004874377927,-747.4375158958454
1078.7908324694677,4.140366571955383,17.14263535016557,70.97679435904618
-433.03602426128265,0.6958211027085781,0.4841670069745816,0.3368936206881652
2472.21165570244,8.909144680947065,79.37285894604739,707.1442840907398
2628.516056426286,8.240599581040442,67.90748145504391,559.5983632279464
219.24677070999,-0.880429670214653,0.7751564041942827,-0.6824706973095486
321.98769741973734,5.31040957197547,28.20044982212869,149.75593866944612
19.53948868263759,0.1008915901184082,0.010179112956620884,0.0010269868921883724
-585.2379897094555,-5.94903034158051,35.39096200504552,-210.5419067857388
583.7161520252023,4.342774446122348,18.859689889893268,81.9033793156205
1152.7330912018945,5.361539288423955,28.746103541313655,154.12336352585615
808.335810555889,4.127540905028582,17.036593922684162,70.31923829824022
-2050.030721501673,-6.167517276480794,38.03826935568907,-234.6016834186423
641.7766438073395,-4.042003978975117,16.33779616605068,-66.03743711086126
87.58709633687542,-3.4973746724426746,12.231629599443506,-42.77859156379385
-263.223243365586,1.4375246968120337,2.0664772539445293,2.9706120879455735
1425.2166552523627,7.649830509908497,58.5199068303269,447.66736870763737
2355.319766247083,7.542067528702319,56.8827826075059,429.0137876463033
128.52405803137896,-2.2829492576420307,5.2118573129682995,-11.898405783577168
1047.5614913063541,4.755443097092211,22.614239049681963,107.54072698480321
920.6490625682961,5.926387282088399,35.12206621729912,208.14696655086811
308.9449784761461,4.48322921525687,20.09934419653273,90.10996710939915
1084.7647157201957,-2.2912282217293978,5.249726764049258,-12.028322118157808
-1239.3403795192567,-4.036954347975552,16.297000407638716,-65.79024665457645
-2359.404579529657,-8.8505769520998,78.33271238504018,-693.2896988304992
404.24342861303353,3.473859285004437,12.067698332011538,41.921485899290836
-563.7480141131844,-6.040161461569369,36.48355048182781,-220.36653560155693
366.5191390393493,2.50215798150748,6.260794564421587,15.665497089946122
-1510.2965722151366,-7.236343189142644,52.364662751051135,-378.92867065032044
532.9713035760301,-2.53842958714813,6.443624768909025,-16.3566877618792
-1397.7170976955908,-3.718203343451023,13.825036103250367,-51.404295462436615
731.9844075186775,6.303697996772826,39.736608434517734,250.4875789872156
-116.0995782529605,-2.6336380606517196,6.93604943451335,-18.267043781296195
77.52955901585229,-1.2071174755692482,1.4571325998246745,-1.7589302254700168
199.01610042625896,-1.218839450739324,1.4855696066785373,-1.8106708434391021
370.97336807300877,2.0365657145157456,4.14759990954103,8.446859773299868
-774.4158576204037,-1.9218612741678953,3.6935507571462463,-7.098492164332879
3355.9497823082265,9.16636561974883,84.02225867491337,770.1787432113688
3886.5100700662406,9.415359273552895,88.6489902500785,834.6620924421767
3166.3026313207142,8.290560464374721,68.7333928134532,569.8383490415526
-2186.1593918007084,-8.342525833286345,69.59773727905002,-580.6209211887509
799.8951796407302,-0.46280778013169765,0.2141910413504298,-0.09912928037148908
-248.354360483393,-3.217294681817293,10.350985069649838,-33.302169216154624
186.02661581373178,3.468716279603541,12.03199262838663,41.7355687061545
190.28112817820806,2.7297189040109515,7.45136529491475,20.340132706219933
1403.1063470013507,7.185562290251255,51.63230542708086,371.0071468355675
3500.8273155472175,8.96568849682808,80.38357022215534,720.6940508747502
-649.419754364299,1.4793413178995252,2.1884507348447038,3.2374655942433486
2.4855518871153515,0.7053811103105545,0.49756251078295066,0.35097119630498497
2740.0109499988166,8.833888857625425,78.03759234887863,689.375417526674
1860.6934921957736,7.847103043459356,61.577026174669086,483.2012695024222
559.698289601116,-1.7938732262700796,3.2179811519286243,-5.772650231086509
-2163.324446048028,-8.999385051429272,80.98893130388863,-728.8505777074475
1593.582964676532,5.565385892987251,30.973520137861506,172.37959203141097
2577.080021189716,8.519227793440223,72.57724219652437,618.3020588918729
-28.543656795241265,-2.4504558416083455,6.004733831672465,-14.714335095125055
-1238.013791271386,-5.101580107584596,26.026119594102855,-132.77433399889279
-2249.3744718171033,-8.247281829826534,68.0176575805869,-560.9607914717374
851.6299300465353,-2.177830063737929,4.742943786520751,-10.3293255689039
-1122.637886482248,-6.348771494813263,40.30689949335344,-255.8992945477055
-2009.4702006401403,-7.3275043070316315,53.69231936956711,-393.43070143502086
-373.7110150159195,-4.850741731934249,23.52969534992848,-114.13647517359733
634.6077396847186,1.0649409564211965,1.1340992406632926,1.2077487300285195
-2048.267389517183,-7.038614470511675,49.54209366449634,-348.70769736636873
3323.70207766175,9.257936482317746,85.70938791062987,793.4920692149439
3300.6323516283283,8.890457577072084,79.04023592971843,702.7038644149304
5117.971592018388,9.845715882256627,96.93812123412039,954.4251998308976
33.069708380469365,4.124211412854493,17.00911977791925,70.14920591070364
-582.1387691021445,-7.184432884678245,51.61607587444616,-370.83223289041837
-3734.037444539808,-9.820347516797483,96.43922535067048,-947.0667071943299
-257.74675819411954,3.7299107713624835,13.912234362325878,51.891392801758556
-329.0717170362424,3.6243638349696994,13.136013208236266,47.60969120761582
2445.243382735568,8.350217649713159,69.72613479758115,582.228401433041
-28.383817594436046,-1.8315757159143686,3.354669603127232,-6.144331380003931
-171.26503556724222,-1.551212198100984,2.406259283537287,-3.7326187524167738
531.9390567434201,0.7464016368612647,0.5571154035091753,0.4158318490998724
80.65891918502773,-1.7270707385614514,2.9827733359951973,-5.15146054835863
-1958.1317254065248,-8.047106829471886,64.75592832493307,-521.0978730723609
-342.7903636834102,-2.3946471931412816,5.734335179619419,-13.731709642406948
-1431.033960671604,-6.0399884497746825,36.48146047341157,-220.34759989031753
-544.2815146030036,4.500484527088702,20.254360978564815,91.15443819010012
-3366.477053912912,-9.779819180257618,95.6448631985348,-935.3894676021466
2592.4778429586668,8.377155200578272,70.17672925457559,587.8813524345413
2943.2557564942335,8.004574682563543,64.07321584873725,512.8788414132314
759.5656733346062,5.083077289164066,25.837674727615514,131.33489761275078
3616.285580945933,9.03843630105257,81.69333076818486,738.379966369057
108.82799313793302,2.5117418449372053,6.308847095608556,15.846195243350564
-251.36957259645376,3.1190104223787785,9.728226014907445,30.342438331752692
104.54537668429033,-2.3724876483902335,5.62869764176422,-13.354015631608847
-2243.0696438322198,-8.687887294217944,75.47938563703359,-655.7563954513605
-133.78368302829068,3.8176170084625483,14.574199623302537,55.63871236664823
-1515.9427860074068,-7.45032265316695,55.507307636292616,-413.5473514989777
754.4962247350469,-4.173629628494382,17.419184275846153,-72.70122359787496
-463.3962796036072,2.644417816773057,6.992945589666781,18.492269909039408
704.6397909372254,-2.1995200449600816,4.837888428181199,-10.64103257306497
-2444.952339126737,-8.591486802324653,73.81364547451868,-634.1689609257982
2453.208170806879,7.271458618342876,52.87411043827289,384.47190603359246
-457.72834501978906,-2.2961958590894938,5.272515423299739,-12.106728081966349
169.05792849974281,3.4152026753872633,11.663609313972321,39.833589733750074
-3099.981421776667,-9.576073954813182,91.70119238805138,-878.1374000525317
-12.9690675288171,1.9045752147212625,3.627406748530543,6.9086689869639155
22.99951750830178,-4.4751767767593265,20.027207183245995,-89.62529248981004
-107.10072681665415,-2.0174618996679783,4.070152516611928,-8.211377628102301
-679.9958491851036,-7.083691409789026,50.17868398911884,-355.4503127282392
1314.4227565829308,6.481634569354355,42.011586690649416,272.3037526075406
-999.9059316514692,-7.191802347078919,51.72202099944985,-371.9745520195086
1815.50913689442,8.180950302630663,66.92794785411273,547.5342152515528
1926.5754936914655,7.998496228829026,63.975941922592156,511.71133020363817
-284.7758309640245,-6.153014921583235,37.85959262522595,-232.95063834807786
259.01314419646513,0.6458052759990096,0.417064454508157,0.2693424251530167
-65.1343533378371,0.44249481055885553,0.19580165737151745,0.08664121728571955
-1182.537630007635,-6.793285380117595,46.14872625571946,-313.501467384028
379.9319335819973,0.391340353526175,0.15314727229799166,0.05993270768266544
-699.9585752859796,-5.50992981530726,30.35932656961189,-167.27775863855442
-246.73638264090764,-4.369760192930698,19.094804143721735,-83.43971503904339
-821.8119753574775,0.0737515976652503,0.005439298158176954,4.011569293432037e-4
-255.3650836572425,-6.820787023752928,46.52313562339632,-317.3243997643592
2994.638690453253,8.412614786066115,70.77208753873822,595.3783100691546
417.1062009758426,-0.019410806708037853,3.767794170568073e-4,-7.313592436056867e-6
-882.0437421759891,2.3068815423175693,5.321702450285487,12.276537156269772
536.2037544370129,4.878617539070547,23.800909092526755,116.11553254462468
-131.4053447200032,2.336364216171205,5.458597750605289,12.75327245498683
2098.7665150875,8.602820918895304,74.00852776258264,636.6821108125898
-1805.1836740950348,-8.39243067894131,70.43289270083528,-591.1031695090714
-2495.9444852616975,-9.437576178461313,89.06784412426045,-840.5845639740259
-269.5896695993078,0.8305693743750453,0.6898454856497541,0.5729645334315656
-598.2395036485242,-5.175948622636497,26.79044414417265,-138.66596246785045
984.9264062940097,2.8967504389584064,8.39116310560572,24.307105409534955
-869.3405574492865,-2.445264016278088,5.979316109304446,-14.62100652403406
-2376.1985390709806,-9.062926266342402,82.13663250915903,-744.3982441961705
-2881.37090628052,-9.037190014496446,81.67080335811427,-738.0745685838531
3391.7812202003297,9.256853847764432,85.68934315887118,793.2137259326036
-880.5520613312494,-5.470664990134537,29.928175434283716,-163.72702156694044
-2916.451119111317,-9.772128607146442,95.49449751460986,-933.1845109875939
-1192.737151025703,-5.630487236194313,31.70238651694707,-178.49988264056913
-2100.917990321083,-8.881248626857996,78.87657717206704,-700.5224927006791
182.2228147169675,-5.300557063892484,28.095905187580506,-148.92394870848335
-841.8360289032609,-1.9460745994001627,3.7872063464305037,-7.370186073475496
-3965.22118575509,-9.71391127910465,94.36007233831654,-916.6053709843037
229.64254414723015,-2.7647366328164935,7.643768648837482,-21.13300719621522
-445.8992652783114,1.689994796179235,2.856082411112894,4.826764412239833
-289.21195637773565,2.1158747654408216,4.476926023029252,9.472614798872929
-586.2554767216476,-4.725627736188471,22.331557501033775,-105.53062751917292
44.513785904579436,3.5029735416173935,12.270823633271505,42.984370521203495
3246.878367717859,8.716124319471419,75.9708231524811,662.1711392496029
-3939.077313833699,-9.928171872161329,98.56859672317539,-978.6059694654432
912.225985894468,5.739423497579992,32.94098208457335,189.0622466095618
1420.3716197789431,6.138662938028574,37.68318266672561,231.32435682318922
-3058.1843708026463,-8.539232308976352,72.9184884266656,-622.6679122947012
-326.1253702402747,1.3399860728532076,1.7955626754405618,2.4060289780253967
436.2336820019719,0.7838169205933809,0.6143689650084905,0.48155279026109754
-1566.3216971126405,-7.246496896259487,52.511717267498376,-380.52599619618263
-1573.517539498716,-4.473347021266818,20.010833572676713,-89.51540275539942
-511.5572217458317,-2.96312986407429,8.78013859136892,-26.016690870796413
1518.3688384169634,6.256104726344347,39.138846346988075,244.8567216150573
-1229.915974611469,-6.569173038005829,43.15403440326273,-283.4863192830895
-199.63126785251967,0.42324185371398926,0.17913366673525388,0.07581686517161283
615.6995716233432,5.292456848546863,28.01009949373059,148.24224289407346
104.18105279294025,-4.224887052550912,17.84967060681233,-75.41284223902
-250.36413435974745,-1.2644336791709065,1.5987925290216751,-2.021567119701835
435.9106210227629,3.3890151558443904,11.485423726542978,38.92427508054891
-2651.2785951083115,-9.261524355970323,85.7758333962315,-794.4149701528507
-494.45256607507713,1.2129269819706678,1.4711918635924728,1.7844483070070205
2798.4678380542437,8.647664743475616,74.7821055155512,646.6905773097054
-274.58059711936005,-1.3075501611456275,1.7096874239119564,-2.2355020666447314
3111.752076145416,8.72465233784169,76.11955841620646,664.1166832914328
3042.05531305225,9.566052560694516,91.5093615939701,875.383362803518
991.8828224014164,3.535245773382485,12.497962678218723,44.18336973406478
452.06918151041924,-4.034622092731297,16.27817543115547,-65.67628622389567
-1124.5929484180647,-5.834932108409703,34.0464327097505,-198.65862339493356
-491.90068788593817,-3.6220714217051864,13.11940138393343,-47.51940882262475
1135.724640865983,7.087499368935823,50.2326473046657,356.0238560717939
-2559.8622479159444,-8.778801863081753,77.06736215124766,-676.5591024361692
-1169.513822641721,-6.359077887609601,40.43787158068539,-257.1475749907331
56.85106516602433,-0.3232679795473814,0.1045021866006462,-0.03378221072067433
-1047.0304979409111,-3.234328515827656,10.460880948295927,-33.83392555175177
1195.3159242002234,6.267253961414099,39.27847221686071,246.1681605994139
1814.8493729609906,7.408649600110948,54.88808889722411,406.6466178592736
-4098.615832504107,-9.6167744230479,92.48235030378828,-889.3819009848273
1374.4786755810383,6.4949636440724134,42.18455273782241,273.9871363736119
5.426925364930899,-1.97463009506464,3.8991640123349893,-7.699406604349663
91.116454084336,3.4411657648161054,11.841621820942411,40.74898361012637
-1620.742869558192,-7.626555687747896,58.16435165831978,-443.59366696392743
192.7792295658884,-0.47151321079581976,0.22232470795498316,-0.10482903688709704
2870.8720469738687,8.506799275055528,72.36563390608525,615.5999220512198
-191.67826392667502,1.4967868337407708,2.240370825659722,3.3533575545444116
3047.2102832479313,8.25503159314394,68.14554660380458,562.5436401464694
603.6518315122371,5.106038483791053,26.071628997955237,133.12274099868222
30.8712492897468,2.6199984829872847,6.864392050855673,17.984696759871838
1405.7914536287349,5.888413009233773,34.673407767313535,204.17134537151637
3160.6142256624903,8.470929246395826,71.75664229744416,607.8454398605836
-1436.4426201825468,-6.71062380541116,45.032471857750956,-302.1959776651317
-1320.5822853819004,-6.142321112565696,37.72810864987029,-231.73815829727076
-2258.056077124227,-8.04714669007808,64.7565698516346,-521.1056167423912
696.950390489552,6.582187907770276,43.32519765319724,285.17459209463203
150.5607604086291,6.117279157042503,37.421104285186644,228.91534127728613
-138.19855618162038,-4.41460027359426,19.488695575618518,-86.03480082012075
-74.7138672491474,-1.0194084187969565,1.039193524314111,-1.0593626274450847
410.151912008988,2.5175741454586387,6.338179577881795,15.956837034549155
-53.81895247820973,-2.58157167583704,6.664512317484063,-17.204916232083928
165.34099912129142,-2.353621032088995,5.539531962691666,-13.037958935320335
2254.27918788892,8.2896175282076,68.71775876396669,569.6439375489197
-511.24763366680503,-2.1940449066460133,4.813833052379313,-10.561765890017062
-1944.5584070325338,-8.594124810770154,73.85898126309513,-634.7533033713738
727.4521906803735,4.150132215581834,17.223597406810185,71.48020646621468
-583.4004641106917,3.8599362783133984,14.899108072639889,57.509607764094724
-1488.5398070850513,-8.077054196037352,65.2388044857246,-526.9373595158822
-3824.9422482624254,-9.261935409158468,85.78344752342345,-794.5207501368828
-45.13656781810744,-1.9811975816264749,3.9251438574425923,-7.776485517901277
-3659.1061949356404,-9.769255495630205,95.43835293890096,-932.3616539422533
-44.76794150679758,1.3578203180804849,1.843676016192189,2.5033807547434392
3623.4175648320124,8.898998517543077,79.1921746152339,704.7310445019789
-726.5347021259704,-3.133956454694271,9.821683059919884,-30.780727021597304
-597.3666652551368,-5.11003440245986,26.112451594323296,-133.43552597955986
1283.7192223510804,0.833539548330009,0.6947881786301954,0.5791334246004427
-2365.9845098329906,-7.645912440493703,58.45997704769637,-446.979865779958
-361.1573902232967,-2.5018308963626623,6.259157833994802,-15.659354454298596
-154.94541434657256,-3.449777662754059,11.900965922436857,-41.05568640441992
3220.8728239950865,8.944115024060011,79.99719356361601,715.5041008349748
2167.8190272588195,8.211498246528208,67.42870345273585,553.6906801678109
539.581174121884,5.24889430962503,27.550891473614016,144.61171748094935
1183.3513468865503,5.1614983240142465,26.641064948801876,137.50781208319557
4192.64786682122,9.969816687516868,99.39724478268981,990.9723097276599
154.38284154523606,1.608028095215559,2.585754355002579,4.157965650170134
-481.2823396966269,-5.734316371381283,32.8823842470914,-188.55799431814623
-1223.661957035259,-7.328962031751871,53.71368446286051,-393.6655540138051
1160.4784506801936,5.845646322704852,34.17158093015276,199.7549764053587
3907.5380722511,9.638116746209562,92.89329441356519,895.3164164979578
3529.243870751074,9.640975850634277,92.94841535251332,896.1134277683052
-1556.2866924384969,-7.491130498237908,56.11703614163012,-420.38004091128437
-406.23075612740365,2.365702879615128,5.596550114619309,13.239774722065274
1686.5278393918604,7.163736084476113,51.31911468802515,367.6365937139739
-1531.9504511906778,-7.212249282747507,52.016539716491934,-375.15625126127617
-118.14205753058249,-2.6683895708993077,7.120302902084192,-18.999742005565533
-1711.0338090436317,-6.857395456172526,47.0238724423356,-322.4612892177086
-143.90095402741858,-1.0432033147662878,1.0882731559393706,-1.1352901636471207
-544.2831093597815,-0.28250841423869133,0.07981100411566001,-0.02254728021151278
2979.3435688772656,9.00406080763787,81.07311102764034,729.98722155725
2599.125481597177,8.09507760219276,65.53028138552288,530.4727131093354
3100.26076397278,8.803294035606086,77.4979858773377,682.2375568454516
1205.499943995972,5.469864732585847,29.919420192786443,163.65518133193942
-1741.7613015802758,-8.155780285596848,66.5167520669302,-542.4960151694027
-3304.215372308706,-9.675131407566369,93.60816775367718,-905.6713238383435
379.0812909162121,-3.3298082603141665,11.087623050456456,-36.91965882065966
116.00863939872715,-5.162938153371215,26.65593037553617,-137.62291994946239
212.64121991749596,5.841414364986122,34.12212178346621,199.3214523497454
446.94350484936484,-0.07225924637168646,0.005221398686204083,-3.772943340712208e-4
390.85135631548883,0.27758180629462004,0.07705165918578397,0.021388138734787364
-1827.5658775014156,-8.55196242686361,73.13606135048694,-625.4568487181562
-549.6609822074796,-3.097218004986644,9.592759370413447,-29.710867039548866
1833.4792523679898,5.126498825848103,26.280990211421976,134.72946546098024
-1333.4001809994338,-2.2976190876215696,5.279053471802974,-12.129254021389428
-3559.723078435844,-9.861579202115536,97.25074435959769,-959.0459179668633
459.58510647950317,4.3687846045941114,19.086278921338526,83.38384151053286
-61.758668370322354,1.1393866455182433,1.298201927985315,1.4791539399325042
-1963.2229411020253,-8.598347469232976,73.93157920166513,-635.6894069250347
-28.063443956651952,-3.0436693783849478,9.263923284918214,-28.196319626012865
-403.4935713473185,-1.739888908341527,3.0272134133698705,-5.267015041104932
527.2498082845046,-3.766896021552384,14.189505637187178,-53.450392332515506
360.32871517772634,4.751359364017844,22.575415806040052,107.26391328662486
272.28524277468046,-2.2331943223252892,4.987156881265908,-11.137290431788522
-255.85954457551094,2.3884855629876256,5.7048632846003144,13.625983594086017
-445.347517398405,2.4708253564313054,6.104977941983887,15.084334299507596
704.9315922614624,6.048246622085571,36.58128720156952,221.252646748435
-375.74648626962755,3.0813587456941605,9.49477171966589,29.25679787676207
498.30360804421673,3.5890623601153493,12.881368624796762,46.232035278028874
-791.8044308307337,-1.7849035328254104,3.1858806214926307,-5.68648957646221
-310.50212211916096,3.265062849968672,10.660635414245546,34.80764464811351
-3119.798143899362,-9.457644447684288,89.44703849881344,-845.9582870201057
284.6874005558831,6.318579292856157,39.92444428011061,252.26576690709635
-2507.494219772898,-8.499144418165088,72.23545584082677,-613.9395713031735
2120.3677682114726,8.019305844791234,64.30926623230285,515.7156745709417
-1651.6691604548514,-8.5834553046152,73.6757049663268,-632.3921206144822
-968.6233188939203,-6.17753233294934,38.16190572463452,-235.74640650089427
522.0661216755917,5.538584962487221,30.67592338668957,169.9012079799289
-1073.9362258175865,-5.937329926528037,35.25188665644542,-209.30208161188776
203.3542140802691,-1.924709789454937,3.704507773623668,-7.130102377005387
-162.39088871952256,-1.0763874370604753,1.158609914661619,-1.2471131565954758
-214.6470238560949,2.125909375026822,4.519490670826933,9.608027587457238
-114.47030261480694,1.528914854861796,2.3375806334170663,3.573961754868599
-1986.2276031734586,-8.809864670038223,77.6137155043877,-683.766330132503
-129.53202145209843,-6.346698300912976,40.28057932281166,-255.6486843478791
-550.0150032986205,-4.077566764317453,16.6265507174663,-67.79587061077909
-36.16359444259458,-2.4784182757139206,6.142557149392763,-15.223825898672228
211.57662451223283,4.261918836273253,18.16395216698076,77.41328988162167
-602.1746301060589,-7.4970282800495625,56.2054330318629,-421.373720932308
288.2202676178113,-1.4153312984853983,2.003162684472364,-2.8351388432917664
-3957.790188769634,-9.392459229566157,88.21829037906248,-828.5866956873728
-218.4476046239747,-0.9166266117244959,0.8402043453215298,-0.7701536622082721
-213.91243912871028,5.88616254273802,34.64690947953212,203.9373408000568
-46.399848731463216,-0.574470073916018,0.3300158658250752,-0.18958423883398962
-160.3625039234591,-5.272207786329091,27.79617494222909,-146.54720996058577
1604.2347200512197,7.740700333379209,59.918441651177,463.8107012648285
-2161.9917556611526,-7.480944297276437,55.96452757895285,-418.6675134415372
290.6737481676989,-4.613772020675242,21.286892258765704,-98.21286791062161
1499.7131412344772,7.649162942543626,58.50969372158266,447.55018099470755
1043.3503717625288,5.010396437719464,25.104072463111898,125.78135524142715
-1797.4755078431203,-8.046141169033945,64.74038771202294,-520.910298868927
1579.232186734367,6.311340318061411,39.83301661038752,251.39972372314864
2143.830717152275,7.167860576882958,51.3782252496329,368.27195527705624
-1064.08239160326,-7.656854004599154,58.6274132477461,-448.9015439052942
-763.3193705316222,-7.252056752331555,52.5923271390377,-381.40254114948846
157.02161296087806,0.9651399496942759,0.9314951224958693,0.8990231556661267
-2441.3748180963257,-8.81940699648112,77.78193976958013,-685.9905838037082
-476.85253155035804,-0.08953417651355267,0.008016368763960006,-7.177389759101252e-4
-4157.350193670048,-9.851649538613856,97.0549986316706,-956.151832489866
